ticker,name,sr_score,sr_total,hist_agree,ret_3d,ret_5d,ret_10d,ret_1m,ret_3m,mom_3m,mom_1m,mom_10d,mom_5d,pred_3d_avg,pred_3d_winrate,pred_3d_n,pred_5d_avg,pred_5d_winrate,pred_5d_n,pred_10d_avg,pred_10d_winrate,pred_10d_n
AAXJ,Asia ex-Jpn,3.9,10,bullish,-2.22,-0.13,-8.2,-6.36,4.38,-0.61,-1.99,-2.0,-0.26,,,53.0,,,53.0,,,53.0
ACWI,ACWI,3.9,10,bullish,-2.19,-1.25,-5.07,-5.28,-2.02,-1.2,-1.84,-2.0,-0.76,,,55.0,,,55.0,,,55.0
ACWX,ACWX,3.9,10,bullish,-2.67,-1.28,-8.11,-7.25,1.45,-1.53,-2.0,-2.0,-0.73,,,55.0,,,55.0,,,55.0
AFK,Africa,3.5,10,bullish,-6.8,-5.35,-16.56,-12.49,1.59,-2.0,-2.0,-2.0,-1.85,,,53.0,,,53.0,,,53.0
AGF,AGF,0.0,10,bearish,0.0,0.0,0.0,0.0,0.0,0.0,0.0,-0.06,-0.06,,,43.0,,,43.0,,,43.0
AGG,Agg Bond,0.1,10,bullish,-0.91,-0.92,-2.17,-1.02,-0.9,-1.38,-1.61,-2.0,-1.63,,,85.0,,,85.0,,,85.0
AIA,AIA,3.9,10,bullish,-2.15,0.95,-8.59,-4.86,9.98,-0.11,-1.3,-2.0,0.04,,,55.0,,,55.0,,,55.0
AIQ,AIQ,3.5,10,bullish,-2.41,-1.27,-3.55,-4.1,-6.9,-1.26,-0.89,-1.03,-0.56,,,26.0,,,26.0,,,26.0
AIRR,AIRR,4.2,10,bullish,-3.14,-1.51,-8.0,-9.65,6.93,-0.25,-2.0,-2.0,-0.79,,,35.0,,,35.0,,,35.0
ALAI,ALAI,0.0,10,,-1.67,0.39,-1.58,-3.94,-10.45,-1.11,-0.77,-0.6,-0.12,,,,,,,,,
AMG,AMG,3.0,10,bullish,-3.22,-4.9,-11.24,-11.79,-2.8,-1.25,-2.0,-2.0,-1.45,,,100.0,,,100.0,,,100.0
APIE,APIE,3.2,10,bullish,-3.21,-1.27,-8.09,-8.68,-3.08,-2.0,-2.0,-2.0,-0.64,,,9.0,,,9.0,,,9.0
APO,APO,7.9,10,bullish,-4.28,-4.75,-1.01,-18.44,-30.55,-1.99,-1.71,-0.04,-0.82,,,43.0,,,43.0,,,43.0
ARES,ARES,8.0,10,bullish,-6.75,-7.88,-9.52,-26.23,-43.15,-2.0,-1.89,-1.0,-1.26,,,35.0,,,35.0,,,35.0
ARGT,ARGT,4.8,10,bullish,-2.53,-0.99,-4.55,-10.39,-5.2,-0.59,-1.08,-0.64,-0.22,,,43.0,,,43.0,,,43.0
ARKF,ARKF,0.0,10,bearish,-3.12,-2.05,2.19,2.4,-21.6,-1.07,0.13,0.19,-0.49,,,25.0,,,25.0,,,25.0
ARKG,ARKG,3.1,10,bullish,-5.75,-6.38,-12.19,-8.4,-15.54,-1.37,-0.97,-1.77,-1.25,,,35.0,,,35.0,,,35.0
ARKK,ARKK,3.3,10,bullish,-3.62,-2.96,-3.64,-0.87,-15.52,-0.99,-0.29,-0.69,-0.7,,,35.0,,,35.0,,,35.0
ARKQ,ARKQ,3.4,10,bullish,-2.68,-0.91,-3.94,-4.58,1.48,-0.67,-0.93,-0.99,-0.46,,,35.0,,,35.0,,,35.0
ARKW,ARKW,3.2,10,bullish,-2.29,-0.95,1.24,0.66,-20.83,-1.08,-0.1,-0.0,-0.32,,,35.0,,,35.0,,,35.0
ARKX,ARKX,0.0,10,bearish,-2.34,-1.31,-3.5,-1.41,6.86,-0.4,-0.6,-0.9,-0.54,,,20.0,,,20.0,,,20.0
ARTY,ARTY,3.3,10,bullish,-1.29,1.12,-4.89,-6.47,-2.95,-0.73,-1.09,-1.19,0.07,,,26.0,,,26.0,,,26.0
ASEA,ASEA,4.0,10,bullish,-2.25,-0.81,-7.14,-6.68,4.04,-0.16,-2.0,-2.0,-0.54,,,43.0,,,43.0,,,43.0
ASHR,ASHR,4.0,10,bullish,-0.3,1.27,-1.58,-1.35,1.08,-0.72,-0.85,-0.83,0.34,,,35.0,,,35.0,,,35.0
AVDE,AVDE,4.3,10,bullish,-2.87,-2.21,-8.65,-7.71,2.76,-1.34,-2.0,-2.0,-1.15,,,25.0,,,25.0,,,25.0
AVDV,AVDV,4.1,10,bullish,-3.7,-3.94,-9.92,-8.19,6.14,-0.95,-2.0,-2.0,-1.79,,,25.0,,,25.0,,,25.0
AVEM,AVEM,3.6,10,bullish,-2.68,-0.66,-8.9,-7.16,4.09,-0.74,-2.0,-2.0,-0.5,,,25.0,,,25.0,,,25.0
AVES,AVES,0.0,10,bearish,-2.05,-1.06,-9.15,-7.81,2.59,-0.84,-2.0,-2.0,-0.65,,,21.0,,,21.0,,,21.0
AVIV,AVIV,3.6,10,bullish,-2.4,-1.85,-8.31,-7.04,3.95,-1.27,-2.0,-2.0,-1.02,,,21.0,,,21.0,,,21.0
AVNM,AVNM,3.4,10,bullish,-2.82,-1.8,-8.76,-7.6,3.49,-1.17,-2.0,-2.0,-1.01,,,9.0,,,9.0,,,9.0
BAI,BAI,0.0,10,,-2.19,1.94,-4.78,-5.54,-6.89,-0.77,-0.92,-1.1,0.26,,,,,,,,,
BAM,BAM,4.0,10,bullish,-4.93,-6.54,-7.9,-17.77,-22.65,-1.8,-1.92,-1.22,-1.49,,,9.0,,,9.0,,,9.0
BATT,BATT,3.4,10,bullish,-3.41,0.89,-9.41,-6.77,5.29,-0.63,-1.61,-2.0,-0.08,,,26.0,,,26.0,,,26.0
BBCA,BBCA,4.5,10,bullish,-2.58,-2.05,-4.7,-2.36,2.92,-0.98,-1.62,-2.0,-1.38,,,26.0,,,26.0,,,26.0
BBEU,BBEU,4.5,10,bullish,-2.57,-2.03,-8.48,-7.63,0.25,-1.65,-2.0,-2.0,-1.0,,,26.0,,,26.0,,,26.0
BBIN,BBIN,4.3,10,bullish,-2.82,-1.63,-8.33,-8.12,0.27,-1.71,-2.0,-2.0,-0.83,,,25.0,,,25.0,,,25.0
BBJP,BBJP,3.7,10,bullish,-3.18,-1.34,-9.48,-11.0,-1.75,-1.71,-2.0,-2.0,-0.59,,,26.0,,,26.0,,,26.0
BEN,BEN,2.0,10,bearish,-4.48,-8.19,-9.23,-12.56,3.35,-0.24,-1.81,-1.88,-2.0,,,100.0,,,100.0,,,100.0
BIL,BIL,2.0,10,bearish,0.05,0.07,-0.13,0.04,-0.05,-0.24,0.43,-0.73,0.51,,,57.0,,,57.0,,,57.0
BINV,BINV,0.0,10,,-2.37,-2.42,-8.34,-8.38,2.72,-1.49,-2.0,-2.0,-1.23,,,,,,,,,
BITO,BITO,0.0,10,bearish,1.4,4.21,8.0,4.76,-28.37,-0.74,0.9,1.27,0.91,,,20.0,,,20.0,,,20.0
BITQ,BITQ,0.0,10,bearish,-0.15,5.32,3.71,5.59,-13.42,-0.71,0.12,0.15,0.55,,,22.0,,,22.0,,,22.0
BK,BK,3.4,10,bullish,0.81,0.97,-2.31,-4.4,-1.71,-1.38,-1.21,-0.89,0.09,,,100.0,,,100.0,,,100.0
BKCH,BKCH,0.0,10,bearish,4.25,7.85,1.91,-1.95,-21.74,-0.83,-0.32,-0.06,0.67,,,22.0,,,22.0,,,22.0
BKGI,BKGI,3.6,10,bullish,-0.18,-0.36,-3.81,-0.27,11.42,0.67,-0.94,-2.0,-0.48,,,9.0,,,9.0,,,9.0
BKIE,BKIE,3.1,10,bullish,-3.16,-2.2,-8.25,-7.75,0.87,-1.54,-2.0,-2.0,-1.12,,,22.0,,,22.0,,,22.0
BLK,BLK,3.5,10,bullish,-4.32,-3.13,-12.95,-14.53,-14.57,-1.49,-2.0,-2.0,-0.88,,,100.0,,,100.0,,,100.0
BLOK,BLOK,0.0,10,bearish,-1.88,0.38,-2.17,-3.81,-17.74,-1.05,-0.49,-0.45,-0.07,,,31.0,,,31.0,,,31.0
BN,BN,3.9,10,bullish,-7.87,-6.77,-12.39,-17.61,-19.0,-1.95,-2.0,-2.0,-1.75,,,100.0,,,100.0,,,100.0
BND,Total Bond,0.1,10,bullish,-0.91,-0.94,-2.16,-1.04,-0.96,-1.43,-1.67,-2.0,-1.7,,,57.0,,,57.0,,,57.0
BNDX,BNDX,2.2,10,bullish,-0.94,-0.88,-2.41,-1.39,-2.47,-1.6,-1.52,-2.0,-1.82,,,39.0,,,39.0,,,39.0
BNO,BNO,5.3,10,bullish,12.22,10.74,39.82,47.93,68.23,2.0,2.0,2.0,1.87,,,43.0,,,43.0,,,43.0
BOTZ,BOTZ,3.6,10,bullish,-3.75,-3.24,-10.51,-8.39,-5.7,-0.88,-1.39,-2.0,-1.0,,,31.0,,,31.0,,,31.0
BUZZ,BUZZ,0.0,10,bearish,-1.51,-0.71,-0.33,-1.8,-11.79,-1.09,-0.4,-0.26,-0.31,,,22.0,,,22.0,,,22.0
BWX,BWX,3.2,10,bullish,-2.12,-1.99,-4.84,-4.59,-2.64,-1.22,-2.0,-2.0,-1.79,,,55.0,,,55.0,,,55.0
BX,BX,5.2,10,bullish,-3.36,-3.74,-6.26,-20.38,-32.14,-1.54,-1.64,-0.74,-0.67,,,57.0,,,57.0,,,57.0
CCNR,CCNR,0.0,10,,-0.33,0.03,-4.02,-2.44,19.95,1.06,-1.39,-1.58,-0.33,,,,,,,,,
CEF,CEF,3.5,10,bullish,-5.6,-2.82,-8.46,-2.64,20.69,0.13,-1.24,-2.0,-0.95,,,100.0,,,100.0,,,100.0
CG,CG,4.9,10,bullish,-5.19,-6.06,-11.65,-14.2,-23.1,-1.09,-1.12,-1.42,-1.11,,,41.0,,,41.0,,,41.0
CGDG,CGDG,3.4,10,bullish,-1.36,-0.92,-5.03,-4.85,1.0,-1.12,-2.0,-2.0,-0.7,,,5.0,,,5.0,,,5.0
CGDV,Dividend Grw,3.2,10,bullish,-1.9,-1.12,-4.27,-4.43,-0.31,-0.9,-1.64,-1.99,-0.75,,,20.0,,,20.0,,,20.0
CGGE,CGGE,0.0,10,,-2.64,-1.43,-5.81,-5.52,-2.12,-1.46,-1.93,-2.0,-0.86,,,,,,,,,
CGGO,CGGO,0.0,10,bearish,-2.49,-1.06,-6.52,-5.62,-1.74,-0.99,-1.72,-2.0,-0.62,,,20.0,,,20.0,,,20.0
CGIC,CGIC,0.0,10,,-2.61,-1.4,-7.99,-7.37,3.05,-1.33,-2.0,-2.0,-0.85,,,,,,,,,
CGIE,CGIE,3.3,10,bullish,-2.94,-1.59,-7.55,-7.28,-1.7,-1.95,-2.0,-2.0,-0.82,,,5.0,,,5.0,,,5.0
CGNG,CGNG,0.0,10,,-4.0,-1.83,-8.55,-8.89,-1.19,-1.55,-2.0,-2.0,-0.97,,,,,,,,,
CGXU,CGXU,3.3,10,bullish,-3.06,-1.62,-9.78,-10.28,-3.73,-1.42,-2.0,-2.0,-0.69,,,20.0,,,20.0,,,20.0
CHAT,CHAT,4.5,10,bullish,-3.67,3.32,-1.52,0.32,-0.02,-0.63,-0.43,-0.64,0.48,,,9.0,,,9.0,,,9.0
CHY,CHY,3.2,10,bullish,-2.61,-1.6,-5.21,-5.45,-1.77,-0.32,-1.6,-1.96,-0.78,,,85.0,,,85.0,,,85.0
CIBR,CIBR,3.9,10,bullish,-0.99,-1.32,3.53,-3.68,-14.42,-1.79,-0.59,0.9,-0.46,,,35.0,,,35.0,,,35.0
CLOU,CLOU,0.0,10,bearish,-0.38,-1.08,4.66,3.61,-15.62,-1.2,0.67,1.02,-0.25,,,25.0,,,25.0,,,25.0
CNBS,CNBS,4.9,10,bullish,1.13,-5.03,-2.32,-4.21,5.17,-0.12,-0.32,-0.25,-0.46,,,25.0,,,25.0,,,25.0
CNEQ,CNEQ,0.0,10,,-2.5,-0.26,-2.15,-4.84,-8.91,-1.08,-0.92,-0.72,-0.28,,,,,,,,,
COLO,COLO,4.4,10,bullish,-2.54,2.63,-3.49,-8.94,0.52,-2.0,-2.0,-1.09,0.56,,,52.0,,,52.0,,,52.0
COPJ,COPJ,0.0,10,bearish,-7.33,-5.88,-17.85,-12.64,1.01,-1.69,-2.0,-2.0,-1.29,,,9.0,,,9.0,,,9.0
COPP,COPP,0.0,10,,-8.58,-4.85,-19.23,-16.41,7.9,-0.61,-2.0,-2.0,-1.12,,,,,,,,,
COPX,Copper Miners,4.7,10,bullish,-7.22,-3.61,-19.48,-14.49,12.56,-0.5,-2.0,-2.0,-0.93,,,47.0,,,47.0,,,47.0
COPY,COPY,0.0,10,,-1.43,-1.79,-6.57,-6.31,4.8,-0.46,-2.0,-2.0,-1.0,,,,,,,,,
CORN,CORN,2.0,10,bullish,2.13,0.76,4.3,6.93,4.66,1.55,2.0,1.93,0.45,,,43.0,,,43.0,,,43.0
COW,COW,0.0,10,bearish,0.71,2.34,6.19,5.07,1.02,0.23,1.6,2.0,1.03,,,22.0,,,22.0,,,22.0
CPER,Copper,3.7,10,bullish,-2.85,-1.63,-4.96,-4.76,5.99,-0.12,-0.8,-0.9,-0.43,,,43.0,,,43.0,,,43.0
CQQQ,China Tech,4.5,10,bullish,-3.34,0.94,-5.43,-8.71,-7.53,-1.06,-1.14,-0.96,0.19,,,51.0,,,51.0,,,51.0
CWI,CWI,3.8,10,bullish,-2.69,-1.43,-8.29,-7.43,2.13,-1.28,-2.0,-2.0,-0.82,,,61.0,,,61.0,,,61.0
CXSE,CXSE,4.5,10,bullish,-1.08,2.27,-1.83,-5.82,-5.98,-1.24,-1.11,-0.52,0.57,,,39.0,,,39.0,,,39.0
DAPP,DAPP,0.0,10,bearish,-0.12,4.67,2.7,2.76,-17.66,-0.73,-0.07,0.02,0.4,,,22.0,,,22.0,,,22.0
DAX,DAX,4.5,10,bullish,-3.24,-2.35,-10.26,-9.68,-5.71,-1.7,-2.0,-2.0,-0.94,,,35.0,,,35.0,,,35.0
DBA,Agriculture,3.0,10,bullish,0.56,0.19,2.84,3.64,1.02,0.81,1.37,1.33,0.1,,,61.0,,,61.0,,,61.0
DBB,DBB,0.0,10,bearish,-1.91,-1.58,-1.05,-0.97,7.62,0.34,-0.7,-0.66,-0.89,,,61.0,,,61.0,,,61.0
DBC,Commodities,3.4,10,bullish,3.91,4.25,14.26,17.69,23.99,2.0,2.0,2.0,1.44,,,69.0,,,69.0,,,69.0
DDWM,DDWM,4.1,10,bullish,-2.38,-1.72,-7.66,-6.27,2.3,-1.2,-2.0,-2.0,-0.99,,,31.0,,,31.0,,,31.0
DEM,DEM,3.8,10,bullish,-1.43,-0.51,-5.66,-5.24,4.14,-0.07,-1.98,-2.0,-0.41,,,57.0,,,57.0,,,57.0
DFAE,DFAE,0.0,10,bearish,-2.73,-0.72,-8.59,-7.01,4.66,-0.56,-2.0,-2.0,-0.52,,,22.0,,,22.0,,,22.0
DFAI,DFAI,3.2,10,bullish,-2.69,-1.93,-7.99,-7.15,2.76,-1.18,-2.0,-2.0,-1.05,,,22.0,,,22.0,,,22.0
DFAX,DFAX,3.0,10,bullish,-2.6,-1.64,-8.26,-6.93,4.45,-0.78,-2.0,-2.0,-0.94,,,22.0,,,22.0,,,22.0
DFEM,DFEM,0.0,10,bearish,-2.35,-0.45,-8.17,-6.59,5.11,-0.41,-2.0,-2.0,-0.41,,,20.0,,,20.0,,,20.0
DFEV,DFEV,0.0,10,bearish,-1.41,-0.58,-8.21,-6.17,6.81,-0.18,-2.0,-2.0,-0.47,,,20.0,,,20.0,,,20.0
DFIC,DFIC,3.2,10,bullish,-2.71,-2.17,-8.19,-7.11,3.56,-1.06,-2.0,-2.0,-1.17,,,20.0,,,20.0,,,20.0
DFIS,DFIS,0.0,10,bearish,-3.59,-3.48,-9.37,-8.21,3.8,-0.87,-2.0,-2.0,-1.65,,,20.0,,,20.0,,,20.0
DFIV,DFIV,3.7,10,bullish,-2.07,-1.44,-7.61,-7.05,5.23,-0.92,-2.0,-2.0,-0.82,,,22.0,,,22.0,,,22.0
DFNL,DFNL,4.4,10,bullish,-1.88,-2.42,-5.47,-8.95,-7.65,-2.0,-2.0,-1.67,-1.05,,,31.0,,,31.0,,,31.0
DFSI,DFSI,3.3,10,bullish,-3.37,-2.64,-8.65,-7.76,0.55,-1.6,-2.0,-2.0,-1.34,,,9.0,,,9.0,,,9.0
DGRO,DGRO,4.2,10,bullish,-0.93,-1.14,-4.12,-4.29,1.09,-0.49,-1.74,-2.0,-0.78,,,35.0,,,35.0,,,35.0
DGS,DGS,3.4,10,bullish,-1.94,-0.73,-7.82,-6.17,5.06,-0.06,-1.94,-2.0,-0.52,,,55.0,,,55.0,,,55.0
DIA,Dow 30,3.7,10,bullish,-2.12,-1.61,-4.51,-6.73,-2.86,-1.03,-2.0,-1.99,-0.91,,,100.0,,,100.0,,,100.0
DIHP,DIHP,3.3,10,bullish,-2.52,-1.9,-7.76,-6.24,2.89,-0.91,-2.0,-2.0,-1.05,,,20.0,,,20.0,,,20.0
DISV,DISV,3.1,10,bullish,-3.24,-3.48,-9.98,-9.64,4.54,-1.13,-2.0,-2.0,-1.59,,,20.0,,,20.0,,,20.0
DIVI,DIVI,3.9,10,bullish,-2.48,-1.43,-7.97,-7.76,1.29,-1.59,-2.0,-2.0,-0.76,,,31.0,,,31.0,,,31.0
DOG,DOG,3.0,10,bearish,2.29,1.74,4.98,7.59,2.81,1.03,2.0,2.0,0.92,,,61.0,,,61.0,,,61.0
DTCR,DTCR,0.0,10,bearish,-1.27,1.12,-2.08,-2.12,15.6,0.78,-0.74,-0.76,0.09,,,22.0,,,22.0,,,22.0
DVYE,DVYE,4.3,10,bullish,-1.91,-0.45,-4.92,-5.21,7.76,0.47,-1.84,-1.93,-0.39,,,41.0,,,41.0,,,41.0
DXJ,DXJ,3.6,10,bullish,-2.41,-0.44,-7.98,-6.36,9.4,0.02,-2.0,-2.0,-0.41,,,64.0,,,64.0,,,64.0
ECH,ECH,4.3,10,bullish,-4.45,-0.31,-10.64,-14.29,0.31,-1.23,-2.0,-2.0,-0.27,,,55.0,,,55.0,,,55.0
EDEN,EDEN,4.2,10,bullish,-2.88,-4.22,-6.72,-13.72,-11.52,-2.0,-2.0,-1.48,-1.2,,,41.0,,,41.0,,,41.0
EDV,EDV,3.0,10,bearish,-2.88,-3.21,-6.25,-2.08,-3.27,-0.45,-0.52,-2.0,-1.36,,,55.0,,,55.0,,,55.0
EEM,Emerging Mkts,3.8,10,bullish,-2.93,-0.63,-8.98,-7.47,3.3,-0.93,-2.0,-2.0,-0.45,,,85.0,,,85.0,,,85.0
EEMA,EM Asia,4.3,10,bullish,-2.07,-0.02,-8.35,-6.96,3.55,-0.77,-2.0,-2.0,-0.22,,,41.0,,,41.0,,,41.0
EEMV,EEMV,3.8,10,bullish,-2.07,-0.76,-6.6,-6.21,-0.86,-1.29,-2.0,-2.0,-0.59,,,43.0,,,43.0,,,43.0
EFA,EAFE,3.7,10,bullish,-2.61,-1.67,-8.3,-7.91,0.2,-1.7,-2.0,-2.0,-0.84,,,95.0,,,95.0,,,95.0
EFAV,EFAV,4.3,10,bullish,-1.05,-0.84,-5.07,-3.79,4.55,-0.16,-1.94,-2.0,-0.64,,,43.0,,,43.0,,,43.0
EFG,EFG,3.7,10,bullish,-2.71,-1.81,-8.24,-8.04,-2.11,-1.49,-2.0,-2.0,-0.81,,,69.0,,,69.0,,,69.0
EFV,EFV,3.7,10,bullish,-2.52,-1.66,-8.54,-7.94,2.09,-1.62,-2.0,-2.0,-0.86,,,69.0,,,69.0,,,69.0
EIS,EIS,0.0,10,bearish,-2.75,-5.75,-0.25,-3.86,7.17,-0.41,-1.36,-0.54,-2.0,,,55.0,,,55.0,,,55.0
EMB,EM Bonds,3.1,10,bullish,-1.52,-1.31,-3.31,-2.56,-1.81,-1.74,-2.0,-2.0,-1.69,,,55.0,,,55.0,,,55.0
EMEQ,EMEQ,0.0,10,,-3.75,0.32,-12.57,-6.8,13.45,-0.22,-1.73,-2.0,-0.25,,,,,,,,,
EMGF,EMGF,4.6,10,bullish,-3.29,-0.71,-9.05,-7.36,3.92,-0.71,-2.0,-2.0,-0.49,,,33.0,,,33.0,,,33.0
EMXC,EMXC,3.9,10,bullish,-3.38,-1.49,-10.76,-7.31,7.27,-0.24,-2.0,-2.0,-0.87,,,31.0,,,31.0,,,31.0
EPHE,EPHE,4.2,10,bullish,-2.35,-1.5,-10.64,-8.48,0.85,-0.1,-2.0,-2.0,-0.57,,,43.0,,,43.0,,,43.0
EPOL,EPOL,4.3,10,bullish,-2.86,-2.01,-9.1,-9.72,-0.63,-1.36,-2.0,-2.0,-0.73,,,46.0,,,46.0,,,46.0
EPU,EPU,3.4,10,bullish,-7.19,-3.08,-14.08,-10.47,18.06,-0.13,-2.0,-2.0,-1.16,,,52.0,,,52.0,,,52.0
ERUS,ERUS,4.3,10,bullish,0.0,0.0,0.0,0.0,0.0,0.0,0.06,0.06,0.06,,,34.0,,,34.0,,,34.0
ESGD,ESGD,4.3,10,bullish,-2.86,-2.0,-8.57,-8.2,-0.53,-1.83,-2.0,-2.0,-0.96,,,31.0,,,31.0,,,31.0
ESGE,EM ESG,4.0,10,bullish,-3.05,-0.75,-9.11,-8.12,1.92,-1.18,-2.0,-2.0,-0.5,,,31.0,,,31.0,,,31.0
ETHE,ETHE,0.0,10,bearish,3.11,6.11,8.95,7.31,-37.93,-0.87,0.23,0.51,0.52,,,25.0,,,25.0,,,25.0
EUAD,EUAD,0.0,10,,-5.02,-2.42,-7.4,-3.12,3.82,-0.73,-0.81,-1.62,-0.78,,,,,,,,,
EUFN,EUFN,3.9,10,bullish,-4.02,-3.02,-10.3,-10.28,-5.75,-2.0,-2.0,-2.0,-1.11,,,50.0,,,50.0,,,50.0
EUSA,EUSA,4.1,10,bullish,-1.77,-2.39,-4.76,-4.56,-1.61,-0.68,-1.48,-1.96,-1.26,,,47.0,,,47.0,,,47.0
EWA,Australia,4.1,10,bullish,-2.85,-0.72,-6.53,-4.01,5.53,0.33,-1.2,-2.0,-0.43,,,100.0,,,100.0,,,100.0
EWC,Canada,3.6,10,bullish,-2.62,-2.01,-4.77,-2.41,2.78,-1.08,-1.68,-2.0,-1.34,,,100.0,,,100.0,,,100.0
EWD,EWD,4.1,10,bullish,-4.47,-4.44,-9.64,-9.38,0.17,-1.28,-2.0,-2.0,-1.63,,,100.0,,,100.0,,,100.0
EWG,Germany,3.7,10,bullish,-2.85,-2.18,-9.95,-9.35,-4.79,-1.47,-2.0,-2.0,-0.87,,,100.0,,,100.0,,,100.0
EWH,EWH,3.9,10,bullish,-2.23,-1.64,-5.87,-4.24,4.45,-0.57,-1.24,-1.84,-0.76,,,100.0,,,100.0,,,100.0
EWI,EWI,3.9,10,bullish,-2.9,-1.38,-8.9,-8.34,-2.46,-2.0,-2.0,-2.0,-0.64,,,100.0,,,100.0,,,100.0
EWJ,Japan,3.5,10,bullish,-3.27,-1.34,-9.46,-11.0,-0.33,-1.43,-2.0,-2.0,-0.59,,,100.0,,,100.0,,,100.0
EWJV,EWJV,3.7,10,bullish,-3.9,-1.94,-10.31,-12.17,1.07,-1.29,-2.0,-2.0,-0.79,,,25.0,,,25.0,,,25.0
EWL,Switzerland,3.7,10,bullish,-2.29,-3.73,-9.56,-6.93,0.82,-1.17,-2.0,-2.0,-1.64,,,100.0,,,100.0,,,100.0
EWM,EWM,3.1,10,bullish,0.33,0.65,-1.87,-4.35,8.13,0.67,-1.58,-0.95,0.09,,,100.0,,,100.0,,,100.0
EWN,EWN,3.8,10,bullish,-1.47,1.2,-6.32,-6.71,0.05,-1.27,-1.69,-1.86,0.25,,,100.0,,,100.0,,,100.0
EWO,EWO,3.3,10,bullish,-4.86,-4.03,-10.16,-13.23,-0.15,-1.76,-2.0,-2.0,-1.52,,,100.0,,,100.0,,,100.0
EWP,Spain,3.8,10,bullish,-2.49,-1.02,-8.01,-7.41,-0.76,-2.0,-2.0,-2.0,-0.65,,,100.0,,,100.0,,,100.0
EWQ,EWQ,3.8,10,bullish,-2.57,-2.71,-10.29,-8.78,-3.67,-2.0,-2.0,-2.0,-1.11,,,100.0,,,100.0,,,100.0
EWS,EWS,3.5,10,bullish,-1.82,-0.28,-5.51,-6.19,-1.43,-1.13,-1.73,-1.67,-0.23,,,100.0,,,100.0,,,100.0
EWT,EWT,3.0,10,bullish,-0.43,0.89,-7.31,-4.38,5.0,-0.23,-1.05,-1.74,0.04,,,100.0,,,100.0,,,100.0
EWU,UK,4.3,10,bullish,-1.99,-1.16,-6.56,-4.1,4.66,-0.61,-1.94,-2.0,-0.7,,,100.0,,,100.0,,,100.0
EWW,EWW,3.6,10,bullish,-3.66,-2.3,-11.01,-10.75,4.32,-1.13,-2.0,-2.0,-1.05,,,100.0,,,100.0,,,100.0
EWY,EWY,3.2,10,bullish,-3.93,-1.22,-17.3,-4.15,29.39,0.57,-1.38,-2.0,-0.68,,,100.0,,,100.0,,,100.0
EWZ,Brazil,3.7,10,bullish,-4.9,-1.63,-7.85,-8.86,8.91,-0.18,-1.94,-1.95,-0.69,,,100.0,,,100.0,,,100.0
EWZS,EWZS,3.9,10,bullish,-7.45,-4.86,-12.62,-12.51,1.23,-0.98,-2.0,-2.0,-1.41,,,43.0,,,43.0,,,43.0
EZA,EZA,4.3,10,bullish,-8.63,-5.36,-18.21,-12.79,-2.11,-2.0,-2.0,-2.0,-1.52,,,85.0,,,85.0,,,85.0
EZU,EZU,3.7,10,bullish,-2.6,-1.48,-9.05,-8.62,-2.28,-2.0,-2.0,-2.0,-0.7,,,100.0,,,100.0,,,100.0
FAN,FAN,3.1,10,bullish,-0.34,0.0,-3.64,1.42,15.76,0.7,-0.52,-1.56,-0.34,,,55.0,,,55.0,,,55.0
FBTC,FBTC,0.0,10,,1.39,4.33,8.28,5.2,-23.28,-1.02,0.56,1.07,0.8,,,,,,,,,
FCOM,FCOM,4.3,10,bullish,-2.65,-2.64,-3.4,-2.95,-4.05,-1.01,-0.83,-1.21,-1.2,,,35.0,,,35.0,,,35.0
FDD,FDD,3.7,10,bullish,-2.41,-2.19,-7.47,-7.51,2.01,-1.27,-2.0,-2.0,-1.04,,,55.0,,,55.0,,,55.0
FDEM,FDEM,3.7,10,bullish,-2.36,-0.65,-8.3,-7.91,2.9,-0.63,-2.0,-2.0,-0.47,,,25.0,,,25.0,,,25.0
FDIG,FDIG,0.0,10,bearish,1.96,5.16,2.87,1.45,-18.52,-0.88,-0.08,0.12,0.62,,,20.0,,,20.0,,,20.0
FDT,FDT,4.6,10,bullish,-2.71,-1.59,-10.33,-7.06,8.83,-0.5,-2.0,-2.0,-0.91,,,43.0,,,43.0,,,43.0
FENI,FENI,0.0,10,,-2.75,-1.54,-8.24,-7.54,2.51,-1.3,-2.0,-2.0,-0.83,,,,,,,,,
FEP,FEP,4.8,10,bullish,-2.86,-2.33,-9.16,-8.73,1.55,-1.54,-2.0,-2.0,-1.07,,,43.0,,,43.0,,,43.0
FESM,FESM,0.0,10,,-2.76,-1.92,-6.06,-6.92,-3.18,-0.81,-1.69,-1.94,-0.9,,,,,,,,,
FEZ,FEZ,3.6,10,bullish,-2.77,-1.63,-9.48,-9.28,-3.47,-2.0,-2.0,-2.0,-0.72,,,85.0,,,85.0,,,85.0
FGD,FGD,3.9,10,bullish,-1.97,-1.91,-7.84,-7.27,2.12,-1.27,-2.0,-2.0,-1.09,,,55.0,,,55.0,,,55.0
FID,FID,4.5,10,bullish,-2.33,-3.29,-7.55,-6.8,1.84,-1.17,-2.0,-2.0,-1.99,,,35.0,,,35.0,,,35.0
FIDI,FIDI,4.2,10,bullish,-1.16,-0.62,-5.83,-5.07,5.6,-0.49,-2.0,-2.0,-0.49,,,31.0,,,31.0,,,31.0
FIDU,FIDU,4.4,10,bullish,-3.03,-2.69,-6.98,-6.12,5.67,-0.0,-1.75,-2.0,-1.32,,,35.0,,,35.0,,,35.0
FIVA,FIVA,4.4,10,bullish,-2.47,-1.72,-8.56,-8.47,4.1,-1.15,-2.0,-2.0,-0.91,,,31.0,,,31.0,,,31.0
FLBR,FLBR,5.7,10,bullish,-4.61,-1.16,-8.06,-7.79,10.76,0.24,-1.73,-1.97,-0.55,,,31.0,,,31.0,,,31.0
FLCH,FLCH,4.5,10,bullish,-1.26,1.87,-2.26,-5.95,-5.49,-1.36,-1.22,-0.61,0.52,,,31.0,,,31.0,,,31.0
FLGB,FLGB,5.2,10,bullish,-2.08,-1.38,-6.89,-4.21,4.13,-0.72,-1.95,-2.0,-0.8,,,31.0,,,31.0,,,31.0
FLJP,FLJP,4.0,10,bullish,-3.28,-1.53,-9.63,-10.69,-0.68,-1.57,-2.0,-2.0,-0.67,,,31.0,,,31.0,,,31.0
FLKR,FLKR,4.3,10,bullish,-4.18,-0.95,-17.28,-4.72,26.06,0.45,-1.44,-2.0,-0.61,,,31.0,,,31.0,,,31.0
FLMX,FLMX,0.1,10,bearish,-3.42,-2.43,-10.94,-10.87,4.77,-1.0,-2.0,-2.0,-1.1,,,31.0,,,31.0,,,31.0
FLTW,FLTW,3.6,10,bullish,-0.41,0.74,-7.35,-4.28,8.41,-0.06,-1.11,-1.79,-0.03,,,31.0,,,31.0,,,31.0
FM,FM,0.5,10,bullish,0.41,0.18,0.18,-1.49,-1.2,-0.76,-0.71,0.03,0.11,,,39.0,,,39.0,,,39.0
FNDC,FNDC,4.1,10,bullish,-3.09,-2.76,-9.38,-8.46,0.68,-1.31,-2.0,-2.0,-1.41,,,35.0,,,35.0,,,35.0
FNDE,FNDE,4.6,10,bullish,-1.91,-0.36,-6.41,-6.51,1.77,-1.02,-1.99,-2.0,-0.31,,,35.0,,,35.0,,,35.0
FNDF,FNDF,4.9,10,bullish,-2.12,-1.28,-8.75,-6.39,5.01,-0.95,-2.0,-2.0,-0.78,,,35.0,,,35.0,,,35.0
FRDM,FRDM,4.3,10,bullish,-4.1,-1.21,-12.8,-9.95,9.69,-0.5,-2.0,-2.0,-0.72,,,25.0,,,25.0,,,25.0
FTEC,Tech (F),4.6,10,bullish,-2.17,-0.37,-1.41,-4.38,-8.07,-1.04,-0.9,-0.57,-0.28,,,35.0,,,35.0,,,35.0
FTXL,FTXL,4.8,10,bullish,-1.16,4.27,-4.87,-6.77,9.09,-0.33,-1.28,-1.15,0.58,,,31.0,,,31.0,,,31.0
FWD,FWD,4.1,10,bullish,-2.66,0.7,-6.22,-4.66,2.1,-0.5,-1.08,-1.68,-0.06,,,9.0,,,9.0,,,9.0
FXI,China,4.1,10,bullish,-0.85,1.28,-2.68,-8.08,-7.19,-1.58,-1.53,-0.65,0.36,,,75.0,,,75.0,,,75.0
FYC,FYC,4.2,10,bullish,-2.84,-1.97,-5.14,-5.61,-3.21,-0.91,-1.45,-1.68,-0.95,,,43.0,,,43.0,,,43.0
GBTC,GBTC,5.6,10,bullish,1.41,4.35,8.29,5.13,-23.47,-1.02,0.57,1.07,0.81,,,35.0,,,35.0,,,35.0
GCOW,GCOW,5.0,10,bullish,0.32,0.14,-4.64,-3.11,8.48,0.67,-1.44,-1.99,-0.13,,,31.0,,,31.0,,,31.0
GDMN,GDMN,3.6,10,bullish,-8.07,-6.13,-17.75,-9.04,28.53,-0.48,-1.7,-2.0,-1.09,,,20.0,,,20.0,,,20.0
GDX,Gold Miners,4.0,10,bullish,-8.41,-6.61,-18.27,-10.65,13.63,-1.13,-2.0,-2.0,-1.44,,,69.0,,,69.0,,,69.0
GDXJ,GDXJ,4.6,10,bullish,-9.12,-7.27,-19.16,-10.55,13.87,-1.21,-2.0,-2.0,-1.42,,,51.0,,,51.0,,,51.0
GEM,GEM,4.2,10,bullish,-2.8,-0.72,-9.13,-7.79,2.4,-1.09,-2.0,-2.0,-0.51,,,33.0,,,33.0,,,33.0
GLD,GLD,3.4,10,bullish,-2.95,-2.06,-4.13,-0.83,19.2,0.58,-1.15,-1.66,-1.0,,,75.0,,,75.0,,,75.0
GMOI,GMOI,0.0,10,,-1.84,-1.29,-6.64,-5.83,6.21,-0.71,-2.0,-2.0,-0.79,,,,,,,,,
GNR,GNR,5.6,10,bullish,-0.02,0.53,-3.74,-2.0,17.45,1.42,-1.11,-1.54,-0.06,,,43.0,,,43.0,,,43.0
GOEX,GOEX,4.5,10,bullish,-9.47,-7.7,-18.88,-11.51,12.07,-1.36,-2.0,-2.0,-1.51,,,43.0,,,43.0,,,43.0
GOLY,GOLY,3.1,10,bullish,-9.12,-5.11,-16.38,-14.0,-2.86,-2.0,-2.0,-2.0,-1.56,,,22.0,,,22.0,,,22.0
GOVT,GOVT,0.1,10,bullish,-0.74,-0.78,-1.97,-0.74,-0.69,-1.1,-1.22,-2.0,-1.47,,,41.0,,,41.0,,,41.0
GREK,GREK,4.0,10,bullish,-4.23,-2.44,-10.07,-13.92,-4.81,-1.86,-2.0,-2.0,-0.93,,,41.0,,,41.0,,,41.0
GRID,GRID,3.9,10,bullish,-1.82,0.0,-6.74,-6.26,6.75,-0.17,-1.77,-2.0,-0.29,,,51.0,,,51.0,,,51.0
GRNY,GRNY,0.0,10,,-1.72,-0.59,-2.78,-3.17,-4.77,-0.93,-0.84,-0.97,-0.4,,,,,,,,,
GSEU,GSEU,4.3,10,bullish,-2.25,-1.83,-8.19,-7.38,0.07,-1.52,-2.0,-2.0,-0.89,,,31.0,,,31.0,,,31.0
GSG,GSG,3.4,10,bullish,5.61,4.16,19.61,23.07,33.49,2.0,2.0,2.0,1.21,,,61.0,,,61.0,,,61.0
GSIE,GSIE,4.4,10,bullish,-2.59,-1.84,-7.83,-7.38,1.24,-1.36,-2.0,-2.0,-0.98,,,33.0,,,33.0,,,33.0
GUNR,GUNR,5.5,10,bullish,0.85,1.42,-2.34,0.56,19.72,1.82,-0.62,-1.27,0.27,,,43.0,,,43.0,,,43.0
GVAL,GVAL,4.2,10,bullish,-3.54,-1.34,-8.86,-9.87,3.81,-1.55,-2.0,-2.0,-0.81,,,35.0,,,35.0,,,35.0
GXC,GXC,3.9,10,bullish,-1.63,1.19,-2.31,-5.97,-3.45,-1.22,-1.29,-0.67,0.3,,,57.0,,,57.0,,,57.0
HACK,HACK,4.4,10,bullish,0.08,0.25,6.57,1.28,-9.24,-1.06,0.22,1.6,0.02,,,35.0,,,35.0,,,35.0
HALFF,HALFF,0.0,10,bearish,0.0,-2.09,-4.81,1.5,20.4,1.43,-0.46,-1.69,-1.05,,,55.0,,,55.0,,,55.0
HAUZ,HAUZ,4.5,10,bullish,-3.93,-4.4,-9.71,-9.35,-1.05,-1.33,-2.0,-2.0,-2.0,,,35.0,,,35.0,,,35.0
HDEF,HDEF,4.6,10,bullish,-0.93,-0.62,-6.03,-4.29,5.0,-0.27,-1.89,-2.0,-0.45,,,35.0,,,35.0,,,35.0
HDGE,HDGE,3.0,10,bearish,1.19,2.69,4.37,7.5,9.94,1.09,1.28,1.18,0.99,,,43.0,,,43.0,,,43.0
HEDJ,HEDJ,4.2,10,bullish,-1.15,-0.8,-6.74,-5.83,0.11,-1.03,-1.61,-2.0,-0.42,,,51.0,,,51.0,,,51.0
HEFA,HEFA,4.3,10,bullish,-1.2,-0.34,-5.81,-4.54,2.08,-0.7,-1.62,-2.0,-0.31,,,35.0,,,35.0,,,35.0
HEWG,HEWG,3.3,10,bullish,0.0,-0.57,-3.34,-5.06,-9.11,-1.85,-1.48,-1.43,-0.42,,,35.0,,,35.0,,,35.0
HEZU,HEZU,4.2,10,bullish,-0.84,0.22,-5.76,-4.9,0.7,-1.02,-1.46,-1.97,-0.01,,,35.0,,,35.0,,,35.0
HFXI,HFXI,4.3,10,bullish,-2.34,-1.31,-8.21,-5.95,2.77,-0.94,-2.0,-2.0,-0.77,,,35.0,,,35.0,,,35.0
HOMZ,HOMZ,3.5,10,bullish,-2.91,-4.07,-8.79,-12.23,-6.29,-0.98,-2.0,-2.0,-1.43,,,25.0,,,25.0,,,25.0
HYG,High Yield,3.3,10,bullish,-1.01,-0.57,-1.84,-1.97,-1.85,-1.56,-1.89,-2.0,-0.86,,,57.0,,,57.0,,,57.0
IAI,IAI,4.0,10,bullish,-2.59,-3.67,-4.83,-5.17,-10.39,-1.42,-0.96,-1.26,-1.31,,,69.0,,,69.0,,,69.0
IAU,Gold,3.4,10,bullish,-2.96,-2.09,-4.15,-0.84,19.19,0.58,-1.15,-1.67,-1.01,,,75.0,,,75.0,,,75.0
IBB,IBB,4.1,10,bullish,-3.66,-0.95,-5.36,-3.9,-1.76,-0.75,-1.14,-1.66,-0.51,,,100.0,,,100.0,,,100.0
IBCA,IBCA,0.0,10,,-1.53,-1.56,-2.91,-1.9,-2.05,-0.58,-0.3,-0.21,-0.15,,,,,,,,,
ICF,ICF,3.4,10,bullish,-0.88,-0.76,-2.8,0.34,7.1,1.99,-0.03,-1.11,-0.4,,,100.0,,,100.0,,,100.0
ICLN,ICLN,3.2,10,bullish,0.79,5.54,0.96,-3.39,9.89,-0.27,-1.51,-0.25,1.46,,,55.0,,,55.0,,,55.0
ICOP,ICOP,3.5,10,bullish,-7.48,-4.5,-17.97,-14.9,10.67,-0.53,-2.0,-2.0,-1.19,,,9.0,,,9.0,,,9.0
ICOW,ICOW,5.2,10,bullish,-0.47,-0.39,-6.8,-3.88,5.69,-0.67,-1.88,-2.0,-0.41,,,31.0,,,31.0,,,31.0
IDEV,IDEV,4.3,10,bullish,-2.87,-2.0,-8.08,-7.49,0.49,-1.69,-2.0,-2.0,-1.03,,,31.0,,,31.0,,,31.0
IDHQ,IDHQ,3.6,10,bullish,-2.96,-1.84,-9.57,-7.46,2.55,-0.83,-2.0,-2.0,-0.94,,,57.0,,,57.0,,,57.0
IDMO,IDMO,4.5,10,bullish,-3.54,-2.33,-7.95,-6.84,-1.26,-1.99,-2.0,-2.0,-1.19,,,41.0,,,41.0,,,41.0
IDV,IDV,3.7,10,bullish,-0.91,-0.68,-6.79,-4.98,5.91,-0.91,-2.0,-2.0,-0.56,,,57.0,,,57.0,,,57.0
IDVO,IDVO,3.5,10,bullish,-2.73,-0.6,-6.93,-8.19,3.74,-0.76,-2.0,-2.0,-0.44,,,12.0,,,12.0,,,12.0
IEF,Med Treasury,0.1,10,bullish,-0.87,-0.88,-2.43,-0.66,-0.87,-1.19,-0.96,-2.0,-1.29,,,90.0,,,90.0,,,90.0
IEFA,IEFA,4.5,10,bullish,-2.7,-1.93,-8.36,-7.98,0.2,-1.68,-2.0,-2.0,-0.95,,,39.0,,,39.0,,,39.0
IEI,IEI,2.2,10,bullish,-0.54,-0.56,-1.64,-0.55,-0.58,-1.39,-1.29,-2.0,-1.33,,,61.0,,,61.0,,,61.0
IEMG,EM Core,4.3,10,bullish,-2.98,-0.75,-8.86,-7.33,2.99,-0.91,-2.0,-2.0,-0.51,,,39.0,,,39.0,,,39.0
IEUR,IEUR,4.6,10,bullish,-2.53,-2.15,-8.36,-7.43,-0.36,-1.68,-2.0,-2.0,-1.02,,,35.0,,,35.0,,,35.0
IEV,IEV,3.9,10,bullish,-2.69,-2.17,-8.67,-7.93,-0.71,-1.84,-2.0,-2.0,-1.0,,,100.0,,,100.0,,,100.0
IFV,IFV,4.4,10,bullish,-2.98,-2.15,-9.02,-8.36,3.25,-0.84,-2.0,-2.0,-1.1,,,35.0,,,35.0,,,35.0
IGF,IGF,3.7,10,bullish,-0.31,-0.54,-3.8,-1.06,8.41,0.96,-1.03,-2.0,-0.56,,,55.0,,,55.0,,,55.0
IGLD,IGLD,4.5,10,bullish,-2.46,-2.11,-5.55,-2.91,9.38,0.14,-1.66,-2.0,-1.01,,,96.0,,,96.0,,,96.0
IGM,IGM,3.4,10,bullish,-2.23,-0.49,-1.55,-3.49,-8.88,-1.17,-0.79,-0.62,-0.33,,,100.0,,,100.0,,,100.0
IGOV,IGOV,3.1,10,bullish,-2.32,-2.27,-4.91,-4.62,-2.9,-1.45,-2.0,-2.0,-2.0,,,52.0,,,52.0,,,52.0
IGRO,IGRO,4.1,10,bullish,-2.44,-1.7,-7.65,-7.0,1.51,-1.05,-2.0,-2.0,-1.0,,,31.0,,,31.0,,,31.0
IHE,IHE,4.0,10,bullish,-1.82,-0.75,-5.26,-3.32,4.33,-0.25,-1.11,-1.61,-0.44,,,69.0,,,69.0,,,69.0
IJAN,IJAN,4.0,10,bullish,-1.19,-0.76,-4.02,-3.92,0.6,-1.78,-2.0,-2.0,-0.75,,,25.0,,,25.0,,,25.0
IJH,IJH,3.5,10,bullish,-2.29,-1.79,-6.28,-6.41,-0.62,-0.42,-1.67,-2.0,-0.85,,,100.0,,,100.0,,,100.0
IJR,IJR,3.5,10,bullish,-2.16,-2.16,-5.86,-7.38,-1.61,-0.46,-1.67,-1.78,-0.91,,,100.0,,,100.0,,,100.0
ILDR,ILDR,0.0,10,bearish,-2.69,-0.99,-1.91,-4.19,-9.74,-1.22,-0.82,-0.66,-0.47,,,22.0,,,22.0,,,22.0
ILF,Latin Am,4.0,10,bullish,-4.48,-1.32,-8.54,-10.07,8.36,-0.43,-2.0,-2.0,-0.69,,,92.0,,,92.0,,,92.0
ILOW,ILOW,0.0,10,,-2.46,-1.95,-6.57,-5.53,-0.13,-1.27,-2.0,-2.0,-1.12,,,,,,,,,
IMTM,IMTM,4.5,10,bullish,-3.72,-1.72,-9.16,-8.92,-2.74,-2.0,-2.0,-2.0,-0.86,,,35.0,,,35.0,,,35.0
INDA,India,3.5,10,bullish,-3.54,-3.66,-7.86,-10.03,-9.75,-1.86,-2.0,-2.0,-1.81,,,41.0,,,41.0,,,41.0
INDE,INDE,3.3,10,bullish,-3.88,-4.19,-8.16,-11.03,-12.8,-2.0,-2.0,-2.0,-1.97,,,5.0,,,5.0,,,5.0
INFL,Inflation,3.3,10,bullish,-0.95,-0.88,-3.88,2.27,16.54,1.82,-0.03,-1.5,-0.57,,,22.0,,,22.0,,,22.0
INTF,INTF,4.7,10,bullish,-2.62,-1.55,-7.63,-7.18,2.19,-1.36,-2.0,-2.0,-0.85,,,35.0,,,35.0,,,35.0
IOO,IOO,3.7,10,bullish,-2.23,-0.91,-3.76,-4.75,-3.68,-1.21,-1.52,-1.58,-0.58,,,100.0,,,100.0,,,100.0
IPAC,IPAC,4.3,10,bullish,-3.49,-1.91,-8.93,-9.35,0.7,-1.14,-2.0,-2.0,-0.9,,,35.0,,,35.0,,,35.0
IPKW,IPKW,5.0,10,bullish,-2.25,-1.07,-6.61,-7.57,1.46,-1.5,-2.0,-2.0,-0.56,,,35.0,,,35.0,,,35.0
IQDF,IQDF,4.8,10,bullish,-2.58,-1.66,-7.4,-7.16,4.01,-0.82,-2.0,-2.0,-0.92,,,39.0,,,39.0,,,39.0
IQDG,IQDG,4.4,10,bullish,-3.43,-2.71,-8.98,-9.29,-1.88,-1.47,-2.0,-2.0,-1.21,,,31.0,,,31.0,,,31.0
IQLT,IQLT,4.6,10,bullish,-1.94,-1.26,-7.2,-5.82,1.59,-1.03,-2.0,-2.0,-0.71,,,35.0,,,35.0,,,35.0
IRBO,IRBO,2.3,10,bullish,-2.82,-4.18,-5.42,6.65,-3.81,-0.64,1.27,-1.45,-1.51,,,26.0,,,26.0,,,26.0
ITA,ITA,4.0,10,bullish,-3.78,-4.76,-5.35,-0.12,12.83,0.15,-0.73,-1.84,-1.93,,,69.0,,,69.0,,,69.0
ITB,ITB,0.0,10,bearish,-3.9,-5.44,-13.43,-17.49,-8.9,-0.77,-2.0,-2.0,-1.34,,,69.0,,,69.0,,,69.0
IUSG,IUSG,3.4,10,bullish,-2.35,-0.76,-2.31,-3.78,-5.61,-1.04,-0.99,-0.95,-0.47,,,100.0,,,100.0,,,100.0
IVLU,IVLU,4.2,10,bullish,-2.79,-1.56,-8.92,-8.9,2.44,-1.67,-2.0,-2.0,-0.8,,,35.0,,,35.0,,,35.0
IVV,IVV,3.6,10,bullish,-1.91,-1.22,-3.22,-4.01,-3.44,-0.99,-1.27,-1.42,-0.72,,,100.0,,,100.0,,,100.0
IWB,IWB,3.5,10,bullish,-1.96,-1.35,-3.37,-4.15,-3.51,-0.97,-1.28,-1.45,-0.78,,,100.0,,,100.0,,,100.0
IWC,IWC,3.5,10,bullish,-3.37,-1.69,-4.74,-4.78,-2.96,-0.8,-1.13,-1.37,-0.77,,,69.0,,,69.0,,,69.0
IWD,IWD,3.6,10,bullish,-1.24,-1.08,-4.5,-4.21,1.83,-0.35,-1.69,-2.0,-0.72,,,100.0,,,100.0,,,100.0
IWF,IWF,3.5,10,bullish,-2.61,-1.68,-2.36,-4.01,-8.28,-1.14,-0.93,-0.89,-0.76,,,100.0,,,100.0,,,100.0
IWM,Small Cap,3.5,10,bullish,-2.67,-1.71,-5.67,-6.93,-3.23,-0.76,-1.62,-1.75,-0.8,,,100.0,,,100.0,,,100.0
IXG,IXG,3.5,10,bullish,-2.9,-2.49,-6.52,-8.45,-5.63,-2.0,-2.0,-2.0,-1.17,,,92.0,,,92.0,,,92.0
IXN,IXN,3.6,10,bullish,-2.41,-0.3,-3.45,-4.65,-4.64,-0.93,-1.06,-1.1,-0.28,,,92.0,,,92.0,,,92.0
IXP,IXP,3.8,10,bullish,-2.38,-1.2,-3.06,-3.33,-4.47,-1.22,-1.01,-1.18,-0.66,,,92.0,,,92.0,,,92.0
IXUS,IXUS,4.5,10,bullish,-2.78,-1.5,-8.23,-7.37,1.2,-1.48,-2.0,-2.0,-0.83,,,39.0,,,39.0,,,39.0
IYH,IYH,4.1,10,bullish,-1.85,-1.48,-5.95,-3.63,-1.97,-0.57,-1.09,-2.0,-0.69,,,100.0,,,100.0,,,100.0
IYM,IYM,3.7,10,bullish,-2.11,-1.41,-7.77,-6.01,16.48,1.08,-1.63,-2.0,-0.7,,,100.0,,,100.0,,,100.0
IYR,IYR,3.4,10,bullish,-1.13,-1.04,-3.24,-0.95,3.69,0.98,-0.43,-1.33,-0.53,,,100.0,,,100.0,,,100.0
IYW,IYW,3.4,10,bullish,-2.18,-0.41,-1.06,-4.06,-8.37,-1.1,-0.86,-0.49,-0.3,,,100.0,,,100.0,,,100.0
IYZ,IYZ,3.7,10,bullish,-0.58,0.2,-1.43,0.64,15.61,1.16,-0.45,-0.86,-0.21,,,100.0,,,100.0,,,100.0
JEMA,JEMA,0.0,10,bearish,-2.64,-0.42,-8.28,-5.99,3.69,-0.79,-2.0,-2.0,-0.4,,,22.0,,,22.0,,,22.0
JETS,JETS,0.0,10,bearish,-5.63,-5.63,-15.91,-19.91,-14.68,-1.22,-2.0,-2.0,-1.31,,,35.0,,,35.0,,,35.0
JHEM,JHEM,3.4,10,bullish,-2.25,-0.42,-8.84,-5.8,5.04,-0.49,-2.0,-2.0,-0.4,,,26.0,,,26.0,,,26.0
JHMD,JHMD,4.4,10,bullish,-2.64,-1.68,-8.09,-7.83,1.38,-1.51,-2.0,-2.0,-0.89,,,31.0,,,31.0,,,31.0
JIRE,JIRE,3.7,10,bullish,-2.74,-1.81,-8.45,-7.67,-0.62,-1.87,-2.0,-2.0,-0.91,,,12.0,,,12.0,,,12.0
JJC,JJC,2.5,10,bullish,1.29,2.14,6.07,-0.48,-3.86,-0.13,0.03,1.16,0.62,,,46.0,,,46.0,,,46.0
JNK,Junk Bonds,3.1,10,bullish,-1.04,-0.63,-2.0,-2.23,-2.03,-1.38,-1.9,-2.0,-0.86,,,55.0,,,55.0,,,55.0
JO,JO,2.0,10,bullish,0.47,-0.03,-2.07,-1.38,7.04,0.62,-0.1,-0.25,0.05,,,22.0,,,22.0,,,22.0
KBA,KBA,3.9,10,bullish,-0.75,1.07,-1.17,-1.69,-1.85,-1.12,-0.86,-0.67,0.22,,,35.0,,,35.0,,,35.0
KBE,KBE,3.6,10,bullish,-2.43,-2.79,-5.18,-11.93,-7.17,-1.03,-1.93,-1.19,-0.93,,,69.0,,,69.0,,,69.0
KBWB,Banks,4.3,10,bullish,-3.41,-3.67,-6.93,-13.59,-9.7,-1.38,-2.0,-1.54,-1.21,,,43.0,,,43.0,,,43.0
KDEF,KDEF,0.0,10,,-3.14,-4.74,-2.56,6.79,34.24,0.49,-0.08,-0.71,-1.12,,,,,,,,,
KKR,KKR,4.3,10,bullish,-4.05,-5.49,-1.55,-17.84,-39.01,-1.77,-1.32,-0.09,-0.91,,,59.0,,,59.0,,,59.0
KOMP,KOMP,3.2,10,bullish,-2.03,-0.55,-3.66,-4.54,-4.02,-0.82,-0.96,-1.03,-0.33,,,25.0,,,25.0,,,25.0
KRE,Reg Banks,3.8,10,bullish,-2.42,-2.7,-5.41,-12.05,-5.81,-0.8,-1.79,-1.14,-0.84,,,61.0,,,61.0,,,61.0
KWEB,China Internet,4.4,10,bullish,-2.61,1.58,-2.83,-11.5,-18.85,-1.68,-1.36,-0.41,0.45,,,35.0,,,35.0,,,35.0
LIT,LIT,5.0,10,bullish,-1.82,2.52,-6.22,-4.12,8.42,-0.37,-1.12,-1.51,0.29,,,43.0,,,43.0,,,43.0
LITP,LITP,0.0,10,bearish,-4.63,-0.24,-11.84,-8.17,-1.36,-0.83,-1.07,-1.42,-0.25,,,9.0,,,9.0,,,9.0
LQD,Inv Grade Corp,3.1,10,bullish,-1.73,-1.82,-3.16,-2.3,-2.56,-1.87,-2.0,-2.0,-2.0,,,90.0,,,90.0,,,90.0
LVHI,LVHI,4.1,10,bullish,0.15,0.68,-4.33,-2.09,9.35,1.09,-1.18,-1.9,0.12,,,31.0,,,31.0,,,31.0
MCHI,China (MS),4.7,10,bullish,-1.51,1.93,-2.11,-6.64,-6.46,-1.41,-1.25,-0.54,0.53,,,43.0,,,43.0,,,43.0
MDY,Mid Cap,3.5,10,bullish,-2.31,-1.78,-6.26,-6.38,-0.55,-0.41,-1.68,-2.0,-0.86,,,100.0,,,100.0,,,100.0
METV,METV,0.0,10,bearish,-1.99,0.0,-2.47,-3.97,-17.41,-1.38,-0.61,-0.59,-0.1,,,22.0,,,22.0,,,22.0
MGK,MGK,3.9,10,bullish,-2.56,-1.46,-1.81,-3.55,-8.91,-1.22,-0.82,-0.7,-0.66,,,55.0,,,55.0,,,55.0
MGNR,MGNR,0.0,10,,-1.39,0.2,-7.59,-5.24,14.41,0.15,-1.77,-2.0,-0.28,,,,,,,,,
MISL,MISL,3.7,10,bullish,-3.0,-4.36,-4.4,-0.92,13.92,0.25,-0.84,-1.58,-1.79,,,9.0,,,9.0,,,9.0
MORT,MORT,0.0,10,bearish,-3.13,-2.76,-4.93,-5.29,-5.11,-0.71,-0.87,-1.12,-0.91,,,43.0,,,43.0,,,43.0
MSOS,MSOS,6.4,10,bullish,1.6,-4.75,-1.8,-3.79,3.82,-0.22,-0.31,-0.23,-0.44,,,22.0,,,22.0,,,22.0
MTUM,Momentum,4.7,10,bullish,-1.54,1.23,-3.37,-4.2,-4.48,-1.12,-1.02,-1.16,0.29,,,39.0,,,39.0,,,39.0
MUB,Muni Bonds,3.3,10,bullish,-0.28,-0.36,-1.61,-0.62,0.18,-0.03,-0.66,-2.0,-0.65,,,55.0,,,55.0,,,55.0
NIB,NIB,0.0,10,bullish,3.33,5.51,5.57,5.8,23.23,1.7,0.74,1.11,1.53,,,46.0,,,46.0,,,46.0
NLR,NLR,4.1,10,bullish,-3.6,1.26,-7.11,-5.91,2.81,-0.6,-0.98,-1.31,-0.02,,,55.0,,,55.0,,,55.0
NOBL,NOBL,4.0,10,bullish,-1.29,-2.36,-6.01,-5.93,3.19,0.28,-2.0,-2.0,-1.28,,,35.0,,,35.0,,,35.0
NORW,NORW,4.7,10,bullish,1.24,0.22,0.08,3.41,21.11,1.77,0.07,-0.35,-0.16,,,52.0,,,52.0,,,52.0
NUDM,NUDM,4.2,10,bullish,-3.2,-2.18,-9.01,-8.62,-6.46,-2.0,-2.0,-2.0,-0.95,,,31.0,,,31.0,,,31.0
NUKZ,NUKZ,0.0,10,,-3.54,-0.46,-7.44,-4.63,1.21,-0.64,-0.92,-1.65,-0.39,,,,,,,,,
OIH,OIH,3.4,10,bullish,-2.46,-0.13,-6.07,-2.26,21.01,0.8,-0.63,-1.12,-0.21,,,100.0,,,100.0,,,100.0
ORR,ORR,0.0,10,,-1.88,-1.3,-7.41,-5.94,8.01,-0.06,-2.0,-2.0,-0.95,,,,,,,,,
PALL,Palladium,3.2,10,bullish,-5.76,-3.78,-12.49,-8.9,5.69,-0.89,-1.35,-2.0,-0.87,,,51.0,,,51.0,,,51.0
PAVE,PAVE,4.1,10,bullish,-3.5,-2.59,-8.79,-9.7,2.52,-0.38,-2.0,-2.0,-1.17,,,31.0,,,31.0,,,31.0
PBW,PBW,0.1,10,bearish,-1.11,4.31,-0.68,-6.72,-0.8,-0.72,-1.06,-0.46,0.52,,,75.0,,,75.0,,,75.0
PCY,PCY,0.1,10,bearish,-2.06,-1.79,-3.98,-3.45,-2.97,-1.33,-1.96,-2.0,-1.65,,,55.0,,,55.0,,,55.0
PDBC,Cmdty (Invsc),4.7,10,bullish,4.04,4.42,14.64,18.04,24.12,2.0,2.0,2.0,1.52,,,35.0,,,35.0,,,35.0
PHYS,PHYS,3.7,10,bullish,-3.13,-2.24,-4.53,-0.21,18.38,0.53,-1.03,-1.73,-1.01,,,47.0,,,47.0,,,47.0
PICK,PICK,5.0,10,bullish,-5.34,-3.03,-13.54,-10.84,11.62,-0.08,-2.0,-2.0,-1.04,,,41.0,,,41.0,,,41.0
PID,PID,4.0,10,bullish,-1.34,-1.85,-5.08,-4.39,2.29,-0.83,-2.0,-2.0,-1.27,,,69.0,,,69.0,,,69.0
PINK,PINK,0.0,10,bearish,-2.83,-1.7,-6.99,-6.17,-8.28,-1.54,-1.63,-2.0,-0.79,,,20.0,,,20.0,,,20.0
PIZ,PIZ,3.9,10,bullish,-4.39,-3.16,-10.74,-9.13,1.09,-1.23,-2.0,-2.0,-1.41,,,55.0,,,55.0,,,55.0
PJP,PJP,3.7,10,bullish,-3.38,-2.17,-5.43,-6.46,-2.5,-1.01,-1.78,-1.82,-1.04,,,69.0,,,69.0,,,69.0
PLTM,Platinum,5.5,10,bullish,-7.41,-4.11,-13.8,-4.9,23.02,-0.06,-0.9,-1.94,-0.92,,,31.0,,,31.0,,,31.0
PPA,PPA,4.0,10,bullish,-2.64,-3.75,-3.92,0.49,14.18,0.47,-0.63,-1.59,-1.71,,,69.0,,,69.0,,,69.0
PPH,PPH,4.1,10,bullish,-1.44,-0.92,-6.03,-4.82,5.77,0.13,-1.35,-1.75,-0.43,,,100.0,,,100.0,,,100.0
PPLT,PPLT,4.3,10,bullish,-7.45,-4.31,-13.81,-4.79,22.87,-0.07,-0.9,-1.94,-0.95,,,51.0,,,51.0,,,51.0
PPTY,PPTY,3.3,10,bullish,-1.28,-1.31,-3.24,-2.75,3.15,0.97,-0.72,-1.13,-0.58,,,26.0,,,26.0,,,26.0
PSI,PSI,4.2,10,bullish,-1.9,3.49,-6.75,-10.06,9.53,-0.21,-1.5,-1.35,0.42,,,69.0,,,69.0,,,69.0
PSLV,PSLV,3.7,10,bullish,-8.68,-3.39,-14.71,-4.72,28.32,-0.01,-0.97,-1.99,-0.77,,,43.0,,,43.0,,,43.0
PVAL,PVAL,3.9,10,bullish,-1.28,-1.06,-4.92,-5.57,1.58,-0.69,-2.0,-2.0,-0.73,,,26.0,,,26.0,,,26.0
PWRD,PWRD,3.0,10,bullish,-4.55,-0.75,-7.63,-6.01,1.08,-0.58,-1.38,-2.0,-0.49,,,20.0,,,20.0,,,20.0
PXF,PXF,3.8,10,bullish,-2.16,-1.21,-8.9,-6.42,6.41,-0.56,-2.0,-2.0,-0.74,,,57.0,,,57.0,,,57.0
PXH,PXH,4.0,10,bullish,-1.87,-0.15,-6.31,-6.48,2.69,-0.92,-2.0,-2.0,-0.23,,,55.0,,,55.0,,,55.0
QCLN,QCLN,3.6,10,bullish,-2.16,3.08,-4.12,-9.29,0.9,-0.6,-1.59,-1.02,0.45,,,61.0,,,61.0,,,61.0
QLTY,QLTY,0.0,10,,-2.19,-1.51,-4.89,-5.43,-4.7,-1.41,-1.63,-2.0,-0.86,,,,,,,,,
QQQ,Nasdaq 100,3.4,10,bullish,-2.12,-0.82,-2.05,-2.98,-5.22,-1.03,-0.84,-0.85,-0.48,,,100.0,,,100.0,,,100.0
QQQJ,QQQJ,0.0,10,bearish,-1.96,-0.71,-4.28,-5.38,-2.7,-0.89,-1.39,-1.51,-0.46,,,22.0,,,22.0,,,22.0
QTEC,QTEC,4.0,10,bullish,-2.29,-0.57,-2.3,-4.41,-8.8,-1.18,-0.79,-0.65,-0.29,,,69.0,,,69.0,,,69.0
QTOP,QTOP,0.0,10,,-1.96,-0.44,-1.52,-2.85,-4.92,-0.97,-0.81,-0.71,-0.34,,,,,,,,,
QTUM,QTUM,3.8,10,bullish,-2.14,-0.02,-5.88,-8.0,-5.13,-1.25,-1.48,-1.46,-0.22,,,26.0,,,26.0,,,26.0
QUAL,Quality,4.3,10,bullish,-2.27,-1.48,-4.46,-3.96,-1.81,-0.77,-1.31,-1.92,-0.83,,,35.0,,,35.0,,,35.0
RAAX,Real Assets,4.5,10,bullish,-0.61,-0.65,-1.16,1.36,15.19,1.79,-0.45,-1.01,-0.64,,,26.0,,,26.0,,,26.0
REM,REM,0.0,10,bearish,-3.0,-2.78,-4.84,-5.26,-5.63,-1.1,-1.02,-1.2,-0.96,,,57.0,,,57.0,,,57.0
REMX,REMX,4.4,10,bullish,-6.67,-2.67,-9.82,-2.03,20.99,-0.07,-0.82,-1.55,-0.72,,,43.0,,,43.0,,,43.0
REZ,REZ,3.4,10,bullish,-1.02,-0.87,-2.05,-1.2,5.56,1.65,-0.51,-0.8,-0.43,,,57.0,,,57.0,,,57.0
RING,RING,4.9,10,bullish,-8.03,-6.15,-17.68,-9.63,15.27,-1.07,-2.0,-2.0,-1.37,,,41.0,,,41.0,,,41.0
ROBO,ROBO,4.0,10,bullish,-3.54,-2.79,-10.76,-8.31,-2.26,-0.78,-1.55,-2.0,-0.95,,,35.0,,,35.0,,,35.0
RODM,RODM,4.1,10,bullish,-1.82,-1.22,-5.62,-4.29,5.06,-0.56,-2.0,-2.0,-0.89,,,35.0,,,35.0,,,35.0
RSPT,RSPT,4.2,10,bullish,-1.22,0.45,-3.02,-3.63,-3.37,-0.84,-0.85,-0.94,-0.04,,,61.0,,,61.0,,,61.0
RWR,RWR,3.6,10,bullish,-1.22,-0.83,-3.02,-0.87,5.83,1.34,-0.37,-1.14,-0.43,,,95.0,,,95.0,,,95.0
SAGP,SAGP,0.0,10,bearish,-2.48,-2.67,-6.0,-3.97,-0.55,-1.41,-1.78,-2.0,-1.41,,,20.0,,,20.0,,,20.0
SAMM,SAMM,0.0,10,,-2.68,-0.81,-6.28,-6.19,-3.86,-0.83,-1.57,-2.0,-0.48,,,,,,,,,
SAMT,SAMT,3.2,10,bullish,-0.22,1.12,-1.27,0.19,3.45,-0.5,-0.42,-0.82,0.21,,,20.0,,,20.0,,,20.0
SCHC,SCHC,4.1,10,bullish,-3.68,-3.49,-9.48,-7.98,0.64,-1.26,-2.0,-2.0,-1.64,,,51.0,,,51.0,,,51.0
SCHD,SCHD,4.6,10,bullish,-0.05,-0.79,-2.79,-2.39,12.02,1.48,-0.78,-1.11,-0.47,,,43.0,,,43.0,,,43.0
SCHE,SCHE,4.1,10,bullish,-2.5,-0.47,-6.61,-7.55,-1.86,-1.52,-2.0,-2.0,-0.35,,,51.0,,,51.0,,,51.0
SCHF,SCHF,4.3,10,bullish,-2.74,-1.73,-8.6,-7.19,1.37,-1.54,-2.0,-2.0,-0.93,,,52.0,,,52.0,,,52.0
SCHH,SCHH,3.7,10,bullish,-1.11,-0.93,-2.95,-0.49,7.19,1.99,-0.28,-1.17,-0.48,,,43.0,,,43.0,,,43.0
SCHY,SCHY,3.1,10,bullish,-1.52,-0.96,-7.29,-5.74,5.66,-0.34,-2.0,-2.0,-0.69,,,22.0,,,22.0,,,22.0
SCZ,SCZ,3.7,10,bullish,-3.19,-3.44,-8.91,-8.52,0.35,-1.34,-2.0,-2.0,-1.62,,,55.0,,,55.0,,,55.0
SDIV,SDIV,3.7,10,bullish,-3.14,-3.1,-5.95,-6.13,2.66,-0.34,-1.82,-2.0,-1.47,,,43.0,,,43.0,,,43.0
SEA,SEA,3.8,10,bullish,-3.05,-3.34,-4.54,-1.4,6.37,0.17,-0.6,-1.31,-1.19,,,20.0,,,20.0,,,20.0
SEIM,SEIM,4.5,10,bullish,-2.23,-0.51,-4.24,-3.76,-0.68,-0.62,-1.07,-1.52,-0.4,,,13.0,,,13.0,,,13.0
SEIV,SEIV,3.5,10,bullish,-0.92,-1.32,-3.48,-4.87,-0.11,-0.86,-1.6,-1.49,-0.81,,,13.0,,,13.0,,,13.0
SETM,SETM,0.0,10,bearish,-6.86,-1.63,-13.95,-9.03,15.78,-0.37,-1.59,-2.0,-0.59,,,9.0,,,9.0,,,9.0
SGDJ,SGDJ,4.6,10,bullish,-8.97,-6.73,-18.97,-11.83,8.44,-1.48,-2.0,-2.0,-1.38,,,35.0,,,35.0,,,35.0
SGDM,SGDM,4.2,10,bullish,-8.46,-6.6,-17.26,-8.51,16.24,-1.05,-2.0,-2.0,-1.45,,,35.0,,,35.0,,,35.0
SGOL,SGOL,3.8,10,bullish,-2.92,-2.07,-4.08,-0.79,19.26,0.58,-1.14,-1.65,-1.01,,,52.0,,,52.0,,,52.0
SHLD,SHLD,4.4,10,bullish,-1.2,-1.68,1.44,6.37,17.7,0.12,0.2,-0.17,-0.79,,,5.0,,,5.0,,,5.0
SHV,SHV,2.0,10,bullish,0.05,0.06,-0.15,0.02,-0.02,-0.16,0.22,-0.87,0.46,,,61.0,,,61.0,,,61.0
SHY,Short Treasury,2.0,10,bullish,-0.22,-0.23,-0.77,-0.37,-0.37,-1.6,-1.72,-2.0,-1.14,,,90.0,,,90.0,,,90.0
SII,SII,0.0,10,bearish,-10.4,-6.88,-8.02,22.45,60.71,1.44,0.97,-1.46,-1.47,,,47.0,,,47.0,,,47.0
SIL,SIL,4.7,10,bullish,-9.13,-5.66,-19.09,-9.21,19.73,-0.71,-1.84,-2.0,-1.15,,,47.0,,,47.0,,,47.0
SILJ,SILJ,4.2,10,bullish,-10.05,-6.38,-20.97,-9.49,19.83,-0.73,-1.76,-2.0,-1.17,,,39.0,,,39.0,,,39.0
SIVR,SIVR,3.4,10,bullish,-8.35,-3.4,-13.64,-4.14,31.05,0.05,-0.92,-1.83,-0.76,,,52.0,,,52.0,,,52.0
SKYY,SKYY,4.3,10,bullish,-0.68,-1.39,1.77,-1.3,-17.67,-1.29,-0.13,0.29,-0.39,,,43.0,,,43.0,,,43.0
SLV,Silver,3.0,10,bullish,-8.35,-3.35,-13.64,-4.13,30.91,0.05,-0.91,-1.82,-0.75,,,69.0,,,69.0,,,69.0
SLVO,SLVO,3.4,10,bullish,-4.25,-0.08,-3.16,-4.43,-3.11,-1.77,-1.41,-1.09,-0.18,,,39.0,,,39.0,,,39.0
SLVP,Silver Miners,4.4,10,bullish,-10.17,-6.0,-21.13,-13.2,17.35,-0.98,-2.0,-2.0,-1.12,,,41.0,,,41.0,,,41.0
SLVR,SLVR,0.0,10,,-11.91,-8.17,-23.24,-9.35,18.7,-0.89,-1.55,-2.0,-1.27,,,,,,,,,
SMH,Semis (VN),3.4,10,bullish,-2.24,2.07,-4.41,-6.35,3.83,-0.59,-1.27,-1.18,0.18,,,100.0,,,100.0,,,100.0
SMHX,SMHX,0.0,10,,-2.86,0.14,-3.49,-8.31,-9.1,-0.92,-1.19,-0.84,-0.17,,,,,,,,,
SOXQ,SOXQ,0.0,10,bearish,-2.6,1.94,-5.33,-7.52,2.64,-0.6,-1.3,-1.22,0.15,,,22.0,,,22.0,,,22.0
SOXX,Semiconductors,3.7,10,bullish,-2.06,2.57,-5.81,-7.88,4.9,-0.46,-1.33,-1.26,0.29,,,95.0,,,95.0,,,95.0
SOYB,SOYB,3.3,10,bullish,1.06,1.23,3.74,6.28,8.47,2.0,1.45,1.31,0.48,,,43.0,,,43.0,,,43.0
SPDW,SPDW,3.7,10,bullish,-2.97,-1.82,-8.65,-7.18,2.19,-1.34,-2.0,-2.0,-0.98,,,57.0,,,57.0,,,57.0
SPEM,SPEM,3.4,10,bullish,-2.61,-0.7,-6.93,-7.75,-0.63,-1.39,-2.0,-2.0,-0.46,,,57.0,,,57.0,,,57.0
SPEU,SPEU,3.6,10,bullish,-2.77,-2.4,-8.84,-8.08,-0.6,-1.75,-2.0,-2.0,-1.12,,,85.0,,,85.0,,,85.0
SPGM,SPGM,4.3,10,bullish,-2.56,-1.36,-5.48,-5.53,-0.79,-0.97,-1.89,-2.0,-0.84,,,41.0,,,41.0,,,41.0
SPHB,High Beta,4.2,10,bullish,-2.59,-1.59,-5.44,-6.75,-3.46,-0.86,-1.3,-1.45,-0.68,,,43.0,,,43.0,,,43.0
SPLG,SPLG,3.8,10,bullish,-2.23,-1.57,-3.55,-4.34,-3.7,-1.03,-1.35,-1.53,-0.88,,,69.0,,,69.0,,,69.0
SPLV,Low Vol,4.2,10,bullish,-0.17,-1.29,-2.99,-0.4,6.35,2.0,-0.33,-1.81,-0.85,,,43.0,,,43.0,,,43.0
SPMO,SPMO,4.9,10,bullish,-2.12,-1.43,-2.44,-3.35,-4.1,-0.99,-0.92,-0.97,-0.72,,,33.0,,,33.0,,,33.0
SPRX,SPRX,0.0,10,bearish,-1.73,1.82,-3.32,-6.19,-8.82,-0.87,-0.88,-0.76,0.07,,,22.0,,,22.0,,,22.0
SPTL,SPTL,3.0,10,bearish,-1.8,-1.99,-4.38,-1.62,-1.62,-0.59,-0.83,-2.0,-1.43,,,57.0,,,57.0,,,57.0
SPY,S&P 500,3.6,10,bullish,-1.92,-1.22,-3.18,-4.02,-3.41,-0.99,-1.28,-1.41,-0.73,,,100.0,,,100.0,,,100.0
STCE,Schwab Crypto,4.5,10,bullish,-0.16,3.12,-1.47,-4.48,-24.16,-0.98,-0.44,-0.3,0.22,,,12.0,,,12.0,,,12.0
STIP,STIP,3.2,10,bullish,0.0,-0.13,0.04,0.48,0.68,0.35,0.94,0.03,-0.53,,,43.0,,,43.0,,,43.0
STT,STT,3.4,10,bullish,-0.29,0.96,-4.99,-7.15,-5.21,-1.06,-1.33,-1.18,0.06,,,100.0,,,100.0,,,100.0
SVXY,SVXY,8.4,10,bullish,-1.58,0.83,-10.17,-13.28,-10.06,-0.81,-1.51,-1.61,0.13,,,43.0,,,43.0,,,43.0
TAIL,TAIL,3.0,10,bearish,0.3,-0.64,0.13,2.22,0.21,-0.11,0.45,0.02,-0.26,,,31.0,,,31.0,,,31.0
TAN,Solar,3.8,10,bullish,0.71,3.77,0.53,-5.29,13.35,0.0,-1.11,-0.26,0.49,,,55.0,,,55.0,,,55.0
TDIV,TDIV,4.9,10,bullish,-1.67,-1.25,-3.79,-5.33,-6.78,-1.1,-1.11,-1.15,-0.58,,,39.0,,,39.0,,,39.0
THD,THD,3.8,10,bullish,-2.83,-0.56,-12.96,-5.78,8.03,0.5,-1.22,-2.0,-0.3,,,55.0,,,55.0,,,55.0
THIR,THIR,0.0,10,,-1.92,-1.36,-3.81,-5.29,-3.31,-1.48,-2.0,-2.0,-1.19,,,,,,,,,
TIP,TIPS,2.0,10,bullish,-0.44,-0.61,-1.01,-0.06,0.27,-0.25,-0.28,-1.51,-1.18,,,85.0,,,85.0,,,85.0
TLT,Long Treasury,3.0,10,bearish,-1.91,-2.11,-4.65,-1.66,-1.94,-0.54,-0.73,-2.0,-1.36,,,90.0,,,90.0,,,90.0
TOUS,TOUS,3.6,10,bullish,-3.09,-2.19,-9.2,-8.93,-0.32,-1.87,-2.0,-2.0,-1.09,,,9.0,,,9.0,,,9.0
TRFK,TRFK,4.4,10,bullish,-1.43,1.02,-0.0,-4.66,-8.12,-0.92,-0.84,-0.25,0.07,,,12.0,,,12.0,,,12.0
TROW,TROW,3.1,10,bullish,0.04,-1.35,-5.76,-4.92,-13.89,-0.96,-0.59,-1.15,-0.35,,,100.0,,,100.0,,,100.0
TUR,TUR,3.2,10,bullish,-1.29,3.91,-4.81,-6.15,11.36,0.78,-1.1,-0.98,0.94,,,55.0,,,55.0,,,55.0
UFO,UFO,3.3,10,bullish,-1.23,0.65,0.74,2.94,18.99,0.1,-0.27,-0.32,-0.17,,,25.0,,,25.0,,,25.0
UNG,UNG,3.3,10,bearish,2.81,-1.06,9.51,2.39,-11.54,-0.22,0.51,0.98,-0.03,,,57.0,,,57.0,,,57.0
URA,URA,4.1,10,bullish,-5.07,1.8,-8.61,-7.54,4.13,-0.58,-1.01,-1.32,0.01,,,43.0,,,43.0,,,43.0
URNJ,URNJ,3.0,10,bullish,-6.3,-0.33,-12.46,-9.77,13.65,-0.13,-1.09,-1.5,-0.27,,,9.0,,,9.0,,,9.0
URNM,URNM,4.0,10,bullish,-5.84,1.09,-10.11,-10.31,11.02,-0.23,-1.27,-1.49,-0.08,,,25.0,,,25.0,,,25.0
USMV,USMV,4.3,10,bullish,-0.57,-1.32,-2.49,-0.69,1.61,0.33,-0.52,-1.67,-0.94,,,43.0,,,43.0,,,43.0
USO,Oil,4.0,10,bullish,12.51,9.5,45.33,50.97,68.84,2.0,2.0,2.0,1.49,,,69.0,,,69.0,,,69.0
UUP,US Dollar,0.0,10,bullish,1.57,1.49,2.95,3.91,-0.46,0.43,2.0,2.0,1.41,,,61.0,,,61.0,,,61.0
UVXY,UVXY,3.0,10,bearish,3.27,-4.92,29.71,41.64,19.22,0.94,1.94,1.52,-0.27,,,43.0,,,43.0,,,43.0
VAW,VAW,3.8,10,bullish,-1.94,-1.55,-8.73,-8.43,10.03,0.7,-2.0,-2.0,-0.7,,,85.0,,,85.0,,,85.0
VB,VB,3.8,10,bullish,-2.14,-1.6,-5.83,-6.18,-0.92,-0.45,-1.52,-1.89,-0.77,,,85.0,,,85.0,,,85.0
VBK,VBK,3.8,10,bullish,-2.72,-1.24,-5.67,-4.91,-2.23,-0.55,-1.15,-1.7,-0.59,,,85.0,,,85.0,,,85.0
VBR,VBR,3.9,10,bullish,-1.68,-1.92,-6.05,-7.11,0.09,-0.35,-1.77,-1.98,-0.9,,,85.0,,,85.0,,,85.0
VCIT,VCIT,2.2,10,bullish,-1.38,-1.41,-2.68,-1.8,-1.86,-2.0,-2.0,-2.0,-2.0,,,51.0,,,51.0,,,51.0
VCR,VCR,3.3,10,bullish,-2.78,-2.94,-5.08,-6.38,-8.05,-0.96,-1.19,-1.42,-1.09,,,85.0,,,85.0,,,85.0
VCSH,VCSH,2.2,10,bullish,-0.67,-0.66,-1.4,-1.01,-0.85,-2.0,-2.0,-2.0,-2.0,,,51.0,,,51.0,,,51.0
VDC,VDC,3.4,10,bullish,-0.62,-0.46,-5.11,-2.98,8.91,1.57,-1.02,-2.0,-0.3,,,85.0,,,85.0,,,85.0
VDE,VDE,4.7,10,bullish,3.84,2.24,3.55,5.49,25.28,2.0,0.53,0.49,0.47,,,75.0,,,75.0,,,75.0
VEA,VEA,3.7,10,bullish,-2.88,-1.85,-8.78,-7.21,2.45,-1.23,-2.0,-2.0,-1.0,,,57.0,,,57.0,,,57.0
VEU,World ex-US,3.7,10,bullish,-2.74,-1.41,-8.21,-7.31,1.52,-1.43,-2.0,-2.0,-0.81,,,59.0,,,59.0,,,59.0
VFH,VFH,3.7,10,bullish,-2.16,-3.12,-4.76,-7.57,-9.45,-1.96,-1.73,-1.47,-1.29,,,85.0,,,85.0,,,85.0
VGIT,VGIT,2.1,10,bullish,-0.62,-0.67,-1.86,-0.6,-0.65,-1.35,-1.24,-2.0,-1.4,,,51.0,,,51.0,,,51.0
VGK,Europe,3.7,10,bullish,-2.63,-2.15,-8.57,-7.84,-0.21,-1.69,-2.0,-2.0,-1.02,,,75.0,,,75.0,,,75.0
VGLT,VGLT,3.0,10,bearish,-1.83,-2.0,-4.36,-1.62,-1.7,-0.59,-0.82,-2.0,-1.43,,,51.0,,,51.0,,,51.0
VGSH,VGSH,2.0,10,bullish,-0.23,-0.25,-0.81,-0.4,-0.37,-1.53,-1.79,-2.0,-1.2,,,51.0,,,51.0,,,51.0
VGT,VGT,3.9,10,bullish,-2.16,-0.39,-1.44,-4.35,-8.08,-1.04,-0.89,-0.57,-0.28,,,85.0,,,85.0,,,85.0
VHT,VHT,3.9,10,bullish,-1.92,-1.46,-5.92,-3.72,-2.36,-0.67,-1.16,-2.0,-0.71,,,85.0,,,85.0,,,85.0
VIG,VIG,3.7,10,bullish,-1.52,-1.46,-4.13,-4.83,-2.02,-1.01,-1.81,-2.0,-0.93,,,69.0,,,69.0,,,69.0
VIS,VIS,3.6,10,bullish,-2.98,-2.71,-7.14,-6.44,5.15,-0.06,-1.8,-2.0,-1.32,,,75.0,,,75.0,,,75.0
VIXM,VIXM,3.0,10,bearish,1.38,1.38,7.46,10.2,8.7,0.7,1.43,1.39,0.36,,,43.0,,,43.0,,,43.0
VIXY,VIXY,3.0,10,bearish,2.77,-2.51,20.55,27.99,15.57,0.87,1.78,1.56,-0.2,,,43.0,,,43.0,,,43.0
VLUE,Value Factor,4.5,10,bullish,-0.45,0.35,-3.8,-5.13,4.91,-0.36,-1.74,-1.58,-0.12,,,39.0,,,39.0,,,39.0
VMOT,VMOT,3.2,10,bullish,-0.75,-1.26,-3.84,-3.92,-8.64,-2.0,-1.33,-1.42,-0.62,,,31.0,,,31.0,,,31.0
VNM,VNM,2.3,10,bullish,-2.02,-4.21,-12.4,-10.66,-8.56,-1.61,-1.87,-2.0,-1.2,,,52.0,,,52.0,,,52.0
VNQ,VNQ,3.8,10,bullish,-1.08,-1.0,-3.22,-0.8,3.86,1.08,-0.33,-1.28,-0.51,,,75.0,,,75.0,,,75.0
VNQI,VNQI,4.2,10,bullish,-4.24,-4.68,-10.49,-10.1,-3.98,-1.71,-2.0,-2.0,-2.0,,,43.0,,,43.0,,,43.0
VONG,VONG,4.3,10,bullish,-2.63,-1.66,-2.36,-4.0,-8.3,-1.14,-0.93,-0.89,-0.76,,,43.0,,,43.0,,,43.0
VOO,S&P 500 (V),4.4,10,bullish,-1.91,-1.23,-3.2,-4.01,-3.37,-0.98,-1.27,-1.41,-0.73,,,43.0,,,43.0,,,43.0
VOOV,VOOV,4.5,10,bullish,-1.42,-1.74,-4.43,-4.33,-0.33,-0.63,-1.67,-2.0,-1.02,,,43.0,,,43.0,,,43.0
VOX,VOX,4.0,10,bullish,-2.69,-2.6,-3.4,-2.96,-4.18,-1.03,-0.83,-1.21,-1.18,,,75.0,,,75.0,,,75.0
VPL,VPL,3.5,10,bullish,-3.28,-1.31,-10.43,-8.18,5.65,-0.41,-2.0,-2.0,-0.72,,,75.0,,,75.0,,,75.0
VPU,VPU,4.2,10,bullish,1.37,0.99,-1.11,5.36,9.78,1.53,1.04,-0.74,0.31,,,85.0,,,85.0,,,85.0
VSGX,VSGX,3.7,10,bullish,-3.14,-1.83,-9.12,-8.41,0.43,-1.5,-2.0,-2.0,-0.94,,,26.0,,,26.0,,,26.0
VSS,VSS,4.0,10,bullish,-2.7,-2.45,-8.52,-7.35,1.34,-0.96,-2.0,-2.0,-1.29,,,52.0,,,52.0,,,52.0
VT,VT,3.8,10,bullish,-2.27,-1.38,-5.33,-5.42,-1.55,-1.1,-1.87,-2.0,-0.84,,,55.0,,,55.0,,,55.0
VTI,Total Market,3.6,10,bullish,-1.95,-1.33,-3.47,-4.23,-3.46,-0.95,-1.29,-1.47,-0.76,,,95.0,,,95.0,,,95.0
VTIP,VTIP,2.2,10,bullish,0.02,-0.12,0.06,0.48,-0.38,-0.61,0.55,0.04,-0.37,,,39.0,,,39.0,,,39.0
VTV,VTV,3.8,10,bullish,-0.98,-1.03,-4.48,-4.28,3.35,-0.04,-1.76,-2.0,-0.72,,,85.0,,,85.0,,,85.0
VUG,Growth (V),3.6,10,bullish,-2.61,-1.51,-2.1,-3.81,-8.53,-1.19,-0.88,-0.79,-0.68,,,85.0,,,85.0,,,85.0
VWO,EM (V),3.5,10,bullish,-2.54,-0.68,-6.88,-7.54,-0.84,-1.35,-2.0,-2.0,-0.45,,,75.0,,,75.0,,,75.0
VXUS,VXUS,4.4,10,bullish,-2.67,-1.25,-8.12,-7.21,1.42,-1.4,-2.0,-2.0,-0.74,,,43.0,,,43.0,,,43.0
VXX,VXX,3.0,10,bearish,2.98,-2.68,20.12,28.01,15.64,0.86,1.78,1.53,-0.22,,,52.0,,,52.0,,,52.0
VXZ,VXZ,3.0,10,bearish,1.36,1.68,7.15,10.39,8.56,0.67,1.44,1.32,0.44,,,52.0,,,52.0,,,52.0
VYMI,VYMI,4.5,10,bullish,-2.3,-1.31,-7.64,-6.71,4.76,-0.79,-2.0,-2.0,-0.81,,,31.0,,,31.0,,,31.0
WCMI,WCMI,0.0,10,,-3.74,-2.12,-6.98,-7.08,-0.15,-1.51,-2.0,-2.0,-1.07,,,,,,,,,
WEAT,WEAT,0.8,10,bullish,2.97,-0.87,3.7,12.09,14.12,2.0,2.0,1.35,-0.34,,,43.0,,,43.0,,,43.0
WGMI,WGMI,2.0,10,bearish,2.57,6.24,-3.91,-7.97,-16.53,-0.8,-0.66,-0.54,0.36,,,20.0,,,20.0,,,20.0
WOOD,WOOD,4.1,10,bullish,-3.54,-3.64,-9.72,-14.02,-0.76,0.0,-2.0,-2.0,-1.2,,,55.0,,,55.0,,,55.0
WT,WT,0.4,10,bearish,-5.77,-7.19,-9.85,-3.95,32.06,0.68,-0.78,-1.67,-1.69,,,100.0,,,100.0,,,100.0
WTAI,WTAI,0.0,10,bearish,-1.95,1.67,-4.13,-4.99,-5.79,-0.9,-0.93,-1.08,0.21,,,20.0,,,20.0,,,20.0
WWJD,WWJD,3.8,10,bullish,-2.1,-1.68,-7.65,-7.51,2.18,-0.95,-2.0,-2.0,-0.93,,,25.0,,,25.0,,,25.0
XAR,XAR,4.6,10,bullish,-4.16,-4.62,-5.85,-0.18,13.97,0.1,-0.67,-1.63,-1.58,,,43.0,,,43.0,,,43.0
XBI,Biotech,3.9,10,bullish,-4.25,-1.6,-4.2,-2.11,-0.02,-0.63,-0.82,-1.21,-0.7,,,69.0,,,69.0,,,69.0
XCEM,XCEM,3.9,10,bullish,-3.33,-1.32,-10.61,-7.63,4.96,-0.53,-2.0,-2.0,-0.8,,,34.0,,,34.0,,,34.0
XHB,Homebuilders,0.1,10,bearish,-3.71,-4.81,-12.89,-16.69,-6.89,-0.76,-2.0,-2.0,-1.29,,,69.0,,,69.0,,,69.0
XLB,Materials,3.7,10,bullish,-1.23,-1.19,-7.76,-8.12,11.36,0.97,-1.92,-2.0,-0.56,,,100.0,,,100.0,,,100.0
XLC,Comm Svc,3.8,10,bullish,-2.33,-2.39,-2.88,-1.79,-2.07,-0.91,-0.65,-1.12,-1.17,,,26.0,,,26.0,,,26.0
XLE,Energy,4.4,10,bullish,4.1,2.32,3.51,5.27,25.34,2.0,0.51,0.5,0.51,,,100.0,,,100.0,,,100.0
XLF,Financials,3.7,10,bullish,-2.03,-3.02,-4.64,-7.01,-8.99,-2.0,-1.73,-1.49,-1.28,,,100.0,,,100.0,,,100.0
XLI,Industrials,3.5,10,bullish,-2.9,-2.86,-6.81,-5.58,5.78,0.05,-1.65,-2.0,-1.41,,,100.0,,,100.0,,,100.0
XLK,Technology,3.6,10,bullish,-1.87,-0.1,-1.16,-4.07,-7.79,-1.11,-0.88,-0.52,-0.21,,,100.0,,,100.0,,,100.0
XLP,Cons Staples,3.6,10,bullish,-0.99,-1.06,-5.71,-3.99,8.5,1.4,-1.28,-2.0,-0.58,,,100.0,,,100.0,,,100.0
XLRE,Real Estate,3.5,10,bullish,-1.06,-0.99,-3.14,-0.78,4.65,1.42,-0.32,-1.23,-0.49,,,33.0,,,33.0,,,33.0
XLU,Utilities,3.8,10,bullish,1.43,1.04,-1.06,5.91,10.52,1.7,1.13,-0.71,0.32,,,100.0,,,100.0,,,100.0
XLV,Healthcare,4.0,10,bullish,-1.6,-1.31,-5.93,-3.56,-0.95,-0.45,-1.09,-2.0,-0.62,,,100.0,,,100.0,,,100.0
XLY,Cons Discret,3.3,10,bullish,-2.9,-2.9,-4.91,-5.64,-7.18,-0.96,-1.14,-1.44,-1.11,,,100.0,,,100.0,,,100.0
XME,XME,3.7,10,bullish,-4.28,-0.83,-8.48,-11.73,9.07,-0.65,-1.86,-1.79,-0.5,,,61.0,,,61.0,,,61.0
XOP,Oil & Gas Exp,5.1,10,bullish,5.82,2.52,9.46,12.88,24.43,2.0,1.37,1.32,0.42,,,61.0,,,61.0,,,61.0
XPH,XPH,3.5,10,bullish,-4.22,-2.86,-7.01,-7.11,-5.73,-1.17,-1.61,-1.9,-1.11,,,61.0,,,61.0,,,61.0
XRT,Retail,3.0,10,bullish,-3.12,-3.63,-7.96,-8.27,-8.96,-1.13,-1.55,-2.0,-1.34,,,61.0,,,61.0,,,61.0
XSOE,XSOE,4.0,10,bullish,-3.21,-0.84,-8.67,-6.94,3.54,-0.73,-2.0,-2.0,-0.56,,,35.0,,,35.0,,,35.0
